email,first_name,surname,password
johnr@boi.ie,John,Ryan,foobar
paddyf@boi.ie,Paddy,McFall,foobar
hughr@boi.ie,Hugh,Ryan,foobar
donr@boi.ie,Don,Ryan,foobar
auderyf@boi.ie,Audery,Faye,foobar
maryk@boi.ie,Mary,Keehan,foobar
aongust@boi.ie,Aongus,Taaffe,foobar
student@boi.ie,Johnny,Mc Admin,foobar
