email,first_name,surname,password
anthony@dit.ie,Tony,Troy,foobar
ronan@dit.ie,Ronan,Sharkey,foobar
sarah@dit.ie,Sarah,Thornton,foobar
ian@dit.ie,Ian,Wisely,foobar
gillian@dit.ie,Gillian Rowen,foobar
linda@dit.ie,Linda,Chen,foobar
stephen@dit.ie,Stephen,Brandon,foobar
matthew@dit.ie,Matthew,Ryan,foobar
